episode_index,update,difficulty,won,cum_win_rate
0,12,easy,0,0.000000
1,17,easy,0,0.000000
2,20,easy,0,0.000000
3,25,easy,0,0.000000
4,30,easy,0,0.000000
5,32,easy,0,0.000000
6,37,easy,0,0.000000
7,44,easy,0,0.000000
8,45,easy,0,0.000000
9,45,easy,0,0.000000
10,56,easy,0,0.000000
11,61,easy,0,0.000000
12,63,easy,0,0.000000
13,65,easy,0,0.000000
14,69,easy,0,0.000000
15,83,easy,0,0.000000
16,86,easy,0,0.000000
17,103,easy,0,0.000000
18,115,easy,0,0.000000
19,120,easy,0,0.000000
20,125,easy,0,0.000000
21,137,easy,0,0.000000
22,141,easy,0,0.000000
23,155,easy,0,0.000000
24,157,easy,0,0.000000
25,162,easy,0,0.000000
26,164,easy,0,0.000000
27,175,easy,0,0.000000
28,177,easy,0,0.000000
29,177,easy,0,0.000000
30,187,easy,0,0.000000
31,204,easy,1,0.031250
32,204,easy,1,0.060606
33,204,easy,1,0.088235
34,204,easy,0,0.085714
35,216,easy,0,0.083333
36,222,easy,0,0.081081
37,230,easy,0,0.078947
38,233,easy,0,0.076923
39,240,easy,0,0.075000
40,241,easy,0,0.073171
41,251,easy,0,0.071429
42,265,easy,1,0.093023
43,267,easy,1,0.113636
44,269,easy,1,0.133333
45,274,easy,0,0.130435
46,278,easy,0,0.127660
47,280,easy,0,0.125000
48,283,easy,0,0.122449
49,290,easy,1,0.140000
50,293,easy,0,0.137255
51,299,easy,0,0.134615
52,300,easy,0,0.132075
53,321,easy,0,0.129630
54,323,easy,0,0.127273
55,334,easy,0,0.125000
56,338,easy,0,0.122807
57,338,easy,0,0.120690
58,358,easy,0,0.118644
59,365,easy,0,0.116667
60,374,easy,0,0.114754
61,381,easy,0,0.112903
62,388,easy,0,0.111111
63,407,easy,0,0.109375
64,408,easy,1,0.123077
65,408,easy,1,0.136364
66,416,easy,0,0.134328
67,424,easy,0,0.132353
68,426,easy,0,0.130435
69,430,easy,0,0.128571
70,461,easy,0,0.126761
71,466,easy,0,0.125000
72,476,easy,1,0.136986
73,480,easy,0,0.135135
74,483,easy,0,0.133333
75,484,easy,1,0.144737
76,487,easy,1,0.155844
77,493,easy,0,0.153846
78,493,easy,0,0.151899
79,494,easy,0,0.150000
80,502,easy,0,0.148148
81,508,easy,0,0.146341
82,509,easy,0,0.144578
83,510,easy,0,0.142857
84,518,easy,0,0.141176
85,518,easy,0,0.139535
86,521,easy,0,0.137931
87,524,easy,0,0.136364
88,525,easy,0,0.134831
89,536,easy,0,0.133333
90,541,easy,0,0.131868
91,542,easy,1,0.141304
92,545,easy,0,0.139785
93,548,easy,0,0.138298
94,549,easy,0,0.136842
95,551,easy,0,0.135417
96,553,easy,0,0.134021
97,565,easy,0,0.132653
98,567,easy,0,0.131313
99,567,easy,0,0.130000
100,567,easy,0,0.128713
101,572,easy,0,0.127451
102,577,easy,0,0.126214
103,582,easy,0,0.125000
104,585,easy,0,0.123810
105,588,easy,0,0.122642
106,590,easy,0,0.121495
107,602,easy,0,0.120370
108,607,easy,0,0.119266
109,608,easy,0,0.118182
110,610,easy,0,0.117117
111,611,easy,0,0.116071
112,627,easy,0,0.115044
113,627,easy,0,0.114035
114,629,easy,0,0.113043
115,631,easy,0,0.112069
116,632,easy,0,0.111111
117,639,easy,0,0.110169
118,640,easy,0,0.109244
119,648,easy,0,0.108333
120,648,easy,0,0.107438
121,655,easy,0,0.106557
122,663,easy,0,0.105691
123,664,easy,0,0.104839
124,666,easy,0,0.104000
125,667,easy,0,0.103175
126,671,easy,0,0.102362
127,672,easy,0,0.101562
128,683,easy,0,0.100775
129,687,easy,0,0.100000
130,693,easy,0,0.099237
131,694,easy,0,0.098485
132,697,easy,0,0.097744
133,713,easy,0,0.097015
134,729,easy,1,0.103704
135,736,easy,0,0.102941
136,754,easy,0,0.102190
137,757,easy,0,0.101449
138,776,easy,0,0.100719
139,777,easy,0,0.100000
140,803,easy,0,0.099291
141,805,easy,0,0.098592
142,813,easy,0,0.097902
143,820,easy,0,0.097222
144,822,easy,0,0.096552
145,825,easy,1,0.102740
146,833,easy,0,0.102041
147,836,easy,1,0.108108
148,846,easy,0,0.107383
149,849,easy,0,0.106667
150,866,easy,1,0.112583
151,867,easy,0,0.111842
152,870,easy,0,0.111111
153,882,easy,0,0.110390
154,887,easy,1,0.116129
155,888,easy,0,0.115385
156,900,easy,0,0.114650
157,901,easy,0,0.113924
158,903,easy,0,0.113208
159,911,easy,0,0.112500
160,917,easy,0,0.111801
161,924,easy,0,0.111111
162,931,easy,0,0.110429
163,933,easy,1,0.115854
164,951,easy,0,0.115152
165,951,easy,0,0.114458
166,954,easy,0,0.113772
167,958,easy,1,0.119048
168,968,easy,0,0.118343
169,973,easy,0,0.117647
170,977,easy,0,0.116959
171,989,easy,0,0.116279
172,1001,easy,0,0.115607
173,1003,easy,0,0.114943
174,1006,easy,0,0.114286
175,1011,easy,0,0.113636
176,1029,easy,1,0.118644
177,1029,easy,0,0.117978
178,1039,easy,0,0.117318
179,1040,easy,0,0.116667
180,1043,easy,0,0.116022
181,1071,easy,1,0.120879
182,1078,easy,0,0.120219
183,1078,easy,0,0.119565
184,1086,easy,0,0.118919
185,1091,easy,1,0.123656
186,1092,easy,0,0.122995
187,1099,easy,0,0.122340
188,1100,easy,0,0.121693
189,1111,easy,0,0.121053
190,1112,easy,0,0.120419
191,1119,easy,0,0.119792
192,1137,easy,0,0.119171
193,1155,easy,1,0.123711
194,1170,easy,0,0.123077
195,1185,easy,0,0.122449
196,1188,easy,0,0.121827
197,1195,easy,0,0.121212
198,1204,easy,0,0.120603
199,1206,easy,0,0.120000
200,1210,easy,1,0.124378
201,1229,easy,0,0.123762
202,1233,easy,1,0.128079
203,1240,easy,0,0.127451
204,1244,easy,1,0.131707
205,1250,easy,0,0.131068
206,1263,easy,0,0.130435
207,1264,easy,0,0.129808
208,1265,easy,0,0.129187
209,1270,easy,0,0.128571
210,1274,easy,0,0.127962
211,1276,easy,0,0.127358
212,1282,easy,0,0.126761
213,1283,easy,0,0.126168
214,1291,easy,0,0.125581
215,1295,easy,1,0.129630
216,1296,easy,0,0.129032
217,1298,easy,0,0.128440
218,1302,easy,0,0.127854
219,1303,easy,0,0.127273
220,1318,easy,0,0.126697
221,1334,easy,0,0.126126
222,1344,easy,0,0.125561
223,1369,easy,0,0.125000
224,1369,easy,0,0.124444
225,1383,easy,0,0.123894
226,1389,easy,1,0.127753
227,1391,easy,1,0.131579
228,1402,easy,1,0.135371
229,1402,easy,0,0.134783
230,1410,easy,0,0.134199
231,1413,easy,1,0.137931
232,1413,easy,0,0.137339
233,1424,easy,0,0.136752
234,1430,easy,0,0.136170
235,1436,easy,0,0.135593
236,1440,easy,0,0.135021
237,1446,easy,0,0.134454
238,1463,easy,0,0.133891
239,1464,easy,0,0.133333
240,1471,easy,0,0.132780
241,1485,easy,0,0.132231
242,1486,easy,1,0.135802
243,1487,easy,0,0.135246
244,1499,easy,1,0.138776
245,1502,easy,0,0.138211
246,1507,easy,1,0.141700
247,1511,easy,0,0.141129
248,1520,easy,0,0.140562
249,1546,easy,0,0.140000
250,1546,easy,0,0.139442
251,1558,easy,0,0.138889
252,1562,easy,0,0.138340
253,1573,easy,1,0.141732
254,1573,easy,0,0.141176
255,1578,easy,0,0.140625
256,1584,easy,0,0.140078
257,1587,easy,1,0.143411
258,1590,easy,0,0.142857
259,1595,easy,0,0.142308
260,1596,easy,0,0.141762
261,1598,easy,0,0.141221
262,1603,easy,0,0.140684
263,1605,easy,0,0.140152
264,1606,easy,0,0.139623
265,1608,easy,0,0.139098
266,1614,easy,0,0.138577
267,1618,easy,0,0.138060
268,1619,easy,0,0.137546
269,1621,easy,0,0.137037
270,1625,easy,0,0.136531
271,1626,easy,0,0.136029
272,1628,easy,0,0.135531
273,1630,easy,0,0.135036
274,1634,easy,0,0.134545
275,1634,easy,0,0.134058
276,1642,easy,0,0.133574
277,1643,easy,0,0.133094
278,1644,easy,1,0.136201
279,1651,easy,0,0.135714
280,1651,easy,0,0.135231
281,1653,easy,0,0.134752
282,1654,easy,0,0.134276
283,1663,easy,0,0.133803
284,1669,easy,0,0.133333
285,1670,easy,0,0.132867
286,1672,easy,0,0.132404
287,1673,easy,0,0.131944
288,1674,easy,0,0.131488
289,1674,easy,0,0.131034
290,1683,easy,0,0.130584
291,1685,easy,0,0.130137
292,1686,easy,0,0.129693
293,1688,easy,0,0.129252
294,1692,easy,0,0.128814
295,1695,easy,0,0.128378
296,1698,easy,0,0.127946
297,1703,easy,0,0.127517
298,1707,easy,0,0.127090
299,1708,easy,0,0.126667
300,1709,easy,0,0.126246
301,1720,easy,0,0.125828
302,1724,easy,0,0.125413
303,1729,easy,0,0.125000
304,1736,easy,0,0.124590
305,1737,easy,0,0.124183
306,1741,easy,0,0.123779
307,1748,easy,0,0.123377
308,1749,easy,0,0.122977
309,1752,easy,0,0.122581
310,1753,easy,0,0.122186
311,1766,easy,0,0.121795
312,1781,easy,0,0.121406
313,1787,easy,0,0.121019
314,1798,easy,0,0.120635
315,1802,easy,0,0.120253
316,1805,easy,0,0.119874
317,1809,easy,0,0.119497
318,1817,easy,0,0.119122
319,1824,easy,0,0.118750
320,1836,easy,0,0.118380
321,1843,easy,0,0.118012
322,1854,easy,0,0.117647
323,1860,easy,0,0.117284
324,1878,easy,0,0.116923
325,1878,easy,0,0.116564
326,1890,easy,1,0.119266
327,1890,easy,0,0.118902
328,1898,easy,0,0.118541
329,1899,easy,1,0.121212
330,1906,easy,0,0.120846
331,1907,easy,1,0.123494
332,1912,easy,0,0.123123
333,1926,easy,0,0.122754
334,1927,easy,0,0.122388
335,1933,easy,0,0.122024
336,1944,easy,0,0.121662
337,1947,easy,0,0.121302
338,1949,easy,0,0.120944
339,1953,easy,1,0.123529
340,1957,easy,0,0.123167
341,1964,easy,0,0.122807
342,1967,easy,0,0.122449
343,1970,easy,1,0.125000
344,1973,easy,0,0.124638
345,1975,easy,0,0.124277
346,1983,easy,0,0.123919
347,1986,easy,0,0.123563
348,1987,easy,0,0.123209
349,1987,easy,0,0.122857
350,1988,easy,0,0.122507
351,1991,easy,0,0.122159
352,1993,easy,0,0.121813
353,1998,easy,0,0.121469
354,2009,easy,0,0.121127
355,2010,easy,1,0.123596
356,2010,easy,0,0.123249
357,2013,easy,1,0.125698
358,2013,easy,0,0.125348
359,2019,easy,0,0.125000
360,2020,easy,0,0.124654
361,2034,easy,0,0.124309
362,2042,easy,0,0.123967
363,2042,easy,0,0.123626
364,2043,easy,0,0.123288
365,2046,easy,0,0.122951
366,2047,easy,0,0.122616
367,2057,easy,0,0.122283
368,2058,easy,0,0.121951
369,2064,easy,0,0.121622
370,2066,easy,0,0.121294
371,2073,easy,0,0.120968
372,2076,easy,0,0.120643
373,2085,easy,0,0.120321
374,2090,easy,0,0.120000
375,2103,easy,0,0.119681
376,2107,easy,0,0.119363
377,2110,easy,1,0.121693
378,2113,easy,0,0.121372
379,2118,easy,0,0.121053
380,2123,easy,0,0.120735
381,2126,easy,0,0.120419
382,2130,easy,0,0.120104
383,2137,easy,0,0.119792
384,2138,easy,1,0.122078
385,2146,easy,0,0.121762
386,2150,easy,0,0.121447
387,2157,easy,1,0.123711
388,2158,easy,0,0.123393
389,2171,easy,0,0.123077
390,2181,easy,0,0.122762
391,2187,easy,1,0.125000
392,2191,easy,1,0.127226
393,2215,easy,1,0.129442
394,2215,easy,1,0.131646
395,2228,easy,0,0.131313
396,2243,easy,0,0.130982
397,2250,easy,0,0.130653
398,2270,easy,1,0.132832
399,2276,easy,0,0.132500
400,2280,easy,1,0.134663
401,2286,easy,1,0.136816
402,2287,easy,0,0.136476
403,2296,easy,0,0.136139
404,2296,easy,0,0.135802
405,2301,easy,0,0.135468
406,2308,easy,1,0.137592
407,2308,easy,0,0.137255
408,2315,easy,0,0.136919
409,2323,easy,0,0.136585
410,2326,easy,0,0.136253
411,2340,easy,0,0.135922
412,2342,easy,1,0.138015
413,2362,easy,0,0.137681
414,2369,easy,1,0.139759
415,2373,easy,0,0.139423
416,2375,easy,1,0.141487
417,2381,easy,0,0.141148
418,2384,easy,0,0.140811
419,2391,easy,0,0.140476
420,2393,easy,0,0.140143
421,2395,easy,0,0.139810
422,2397,easy,0,0.139480
