eval_index,approx_update,gamma,difficulty,peak_territory_frac,self_tiles,opp_tiles,ticks,winner
0,10,0.999,easy,0.051187343716802586,33299.0,827516.0,9151,OPPONENT
1,20,0.999,easy,0.06136591700607993,89659.0,724749.0,18021,OPPONENT
2,30,0.999,easy,0.03247805099296984,38013.0,932942.0,16011,OPPONENT
3,40,0.999,easy,0.019267688226465147,34332.0,733010.0,12031,OPPONENT
4,50,0.999,easy,3.2686681811495905e-05,52.0,820011.0,10321,OPPONENT
5,60,0.999,easy,0.0032478913353050716,0.0,306362.0,5681,OPPONENT
6,70,0.999,easy,0.04114920214454837,17300.0,337628.0,5221,OPPONENT
7,80,0.999,easy,3.5417035594120773e-05,0.0,724854.0,14541,OPPONENT
8,90,0.999,easy,3.628677437790861e-05,16.0,339839.0,4831,OPPONENT
9,100,0.999,easy,0.0002568956947632371,0.0,790577.0,9631,OPPONENT
10,110,0.999,easy,0.0002469663508346988,0.0,168747.0,5341,OPPONENT
11,120,0.999,easy,0.02127452844137465,38881.0,1460294.0,11491,OPPONENT
12,130,0.999,easy,5.151651748341812e-05,0.0,466748.0,59031,OPPONENT
13,140,0.999,easy,0.001253829165776163,0.0,169283.0,5291,OPPONENT
14,150,0.999,easy,0.02051739106341319,31531.0,1220171.0,41561,OPPONENT
15,160,0.999,easy,0.4624931877713904,276412.0,317506.0,102011,OPPONENT
16,170,0.999,easy,0.08413007120248854,0.0,819933.0,14081,OPPONENT
17,180,0.999,easy,0.10316172084183071,61003.0,470776.0,12721,OPPONENT
18,190,0.999,easy,2.7023618642693715e-05,52.0,899641.0,9241,OPPONENT
19,200,0.999,easy,0.0015461796753686277,1623.0,833182.0,7851,OPPONENT
20,210,0.999,easy,0.0006242976651267324,0.0,470708.0,11071,OPPONENT
21,220,0.999,easy,0.0002505978938881353,369.0,820182.0,13621,OPPONENT
22,230,0.999,easy,0.0002469663508346988,0.0,170548.0,10311,OPPONENT
23,240,0.999,easy,3.5417035594120773e-05,52.0,725057.0,17931,OPPONENT
24,250,0.999,easy,4.979666362353722e-05,21.0,129801.0,102011,OPPONENT
25,260,0.999,easy,0.028122927260667698,29462.0,836143.0,8941,OPPONENT
26,270,0.999,easy,2.7148514006694048e-05,52.0,733144.0,15181,OPPONENT
27,280,0.999,easy,0.004647688604863474,0.0,259296.0,102011,OPPONENT
28,290,0.999,easy,0.039968923849558136,0.0,470494.0,11141,OPPONENT
29,300,0.999,easy,0.006627639189212946,2236.0,479257.0,16181,OPPONENT
30,310,0.999,easy,0.0784818738458548,90967.0,933143.0,14461,OPPONENT
31,320,0.999,easy,2.7023618642693715e-05,52.0,899861.0,8001,OPPONENT
32,330,0.999,easy,0.008995696104327908,13791.0,1219625.0,36611,OPPONENT
33,340,0.999,easy,0.0071462475607826596,0.0,480951.0,8251,OPPONENT
34,350,0.999,easy,2.9571425553936167e-05,52.0,1461090.0,11321,OPPONENT
35,360,0.999,easy,3.5417035594120773e-05,52.0,725478.0,30311,OPPONENT
36,370,0.999,easy,0.08554168514880764,146630.0,1462901.0,12481,OPPONENT
37,380,0.999,easy,0.00014349928832109712,0.0,733019.0,9961,OPPONENT
38,390,0.999,easy,5.4430161566862915e-05,22.0,336988.0,5311,OPPONENT
39,400,0.999,easy,3.2686681811495905e-05,0.0,822965.0,12131,OPPONENT
40,410,0.999,easy,3.379591491878419e-05,52.0,1461390.0,12681,OPPONENT
41,420,0.999,easy,0.045104604497637195,0.0,168873.0,4981,OPPONENT
42,430,0.999,easy,0.4685370568352394,223805.0,939881.0,18801,OPPONENT
43,440,0.999,easy,0.35656202416820554,214959.0,947289.0,24281,OPPONENT
44,450,0.999,easy,0.04043956627337519,41958.0,833388.0,9791,OPPONENT
45,460,0.999,easy,6.749915626054674e-05,52.0,678594.0,8041,OPPONENT
46,470,0.999,easy,3.5417035594120773e-05,0.0,724865.0,31151,OPPONENT
47,480,0.999,easy,0.00210284319653957,0.0,822742.0,13231,OPPONENT
48,490,0.999,easy,3.2325396678796384e-05,52.0,1220088.0,35961,OPPONENT
49,500,0.999,easy,0.00012700371032268014,0.0,336481.0,6721,OPPONENT
50,510,0.999,easy,0.12572661311580027,34523.0,473319.0,14551,OPPONENT
51,520,0.999,easy,0.000378330660997712,661.0,898458.0,8901,OPPONENT
52,530,0.999,easy,0.021763020880249336,37233.0,898826.0,9261,OPPONENT
53,540,0.999,easy,2.9571425553936167e-05,52.0,1459868.0,13021,OPPONENT
54,550,0.999,easy,0.0007685694929149279,689.0,967354.0,19091,OPPONENT
55,560,0.999,easy,0.0012420939088368444,0.0,823051.0,17041,OPPONENT
56,570,0.999,easy,5.624929688378895e-05,52.0,678551.0,7151,OPPONENT
57,580,0.999,easy,0.1794015074811565,151997.0,677955.0,8971,OPPONENT
58,590,0.999,easy,0.12207455160056893,155827.0,1225945.0,39341,OPPONENT
59,600,0.999,easy,0.11022934044354767,188683.0,897874.0,10461,OPPONENT
60,610,0.999,easy,0.11154904692331215,3134.0,625437.0,8141,OPPONENT
61,620,0.999,easy,0.13620663102545486,201300.0,806707.0,12311,OPPONENT
62,630,0.999,easy,0.00014785712776968084,265.0,1460606.0,12071,OPPONENT
63,640,0.999,easy,0.004007947577867476,0.0,966135.0,26601,OPPONENT
64,650,0.999,easy,0.011488690642239442,0.0,966456.0,20651,OPPONENT
65,660,0.999,easy,0.025814004895900706,0.0,785916.0,36541,OPPONENT
66,670,0.999,easy,0.3396489449337811,618233.0,1205812.0,102011,OPPONENT
67,680,0.999,easy,0.023953760146552542,25019.0,837158.0,7491,OPPONENT
68,690,0.999,easy,0.0717753879837723,0.0,466758.0,44121,OPPONENT
69,700,0.999,easy,0.030687698561340713,17790.0,470025.0,11241,OPPONENT
70,710,0.999,easy,0.2502116358204,129495.0,129035.0,102011,AGENT
71,720,0.98,easy,0.00024480361626179185,0.0,895524.0,25002,
72,730,0.98,easy,0.05610303489295676,85952.0,809415.0,25002,
73,740,0.98,easy,0.05946434439697667,13958.0,306238.0,7021,OPPONENT
74,750,0.98,easy,0.46613683802205513,709732.0,0.0,25002,
75,760,0.98,easy,0.467328422191701,274699.0,150187.0,25002,
76,770,0.98,easy,0.0032781114557894966,0.0,806694.0,12191,OPPONENT
77,780,0.98,easy,0.0002715306062215926,0.0,724623.0,20671,OPPONENT
78,790,0.98,easy,0.0926380612366783,96291.0,833080.0,10341,OPPONENT
79,800,0.98,easy,0.06402615895786087,35908.0,477639.0,7711,OPPONENT
80,810,0.98,easy,0.0845455232664874,98468.0,932818.0,16491,OPPONENT
81,820,0.98,easy,0.23832246242050928,71365.0,339312.0,6131,OPPONENT
82,830,0.98,easy,0.10872989087636405,91903.0,678615.0,7681,OPPONENT
83,840,0.98,easy,0.11959725503431207,101069.0,677265.0,7171,OPPONENT
84,850,0.98,easy,0.00027836224752953505,269.0,595236.0,25002,
85,860,0.98,easy,0.02057139484091848,0.0,726667.0,16271,OPPONENT
86,870,0.98,easy,0.04461640504090206,46571.0,837746.0,7421,OPPONENT
87,880,0.98,easy,0.07108192180318439,109319.0,0.0,25002,
88,890,0.98,easy,0.08111386530246295,0.0,477763.0,8131,OPPONENT
89,900,0.98,easy,0.001253829165776163,0.0,168800.0,4421,OPPONENT
90,910,0.98,easy,0.0231282863617363,0.0,808744.0,12961,OPPONENT
91,920,0.98,easy,0.23496263200964937,418630.0,497158.0,25002,
92,930,0.98,easy,0.00028617401539940174,326.0,933303.0,13471,OPPONENT
93,940,0.98,easy,0.2905119156695363,72566.0,336855.0,8851,OPPONENT
94,950,0.98,easy,0.021427306534443066,0.0,725476.0,13571,OPPONENT
95,960,0.98,easy,0.18748443854261765,0.0,258670.0,25002,
96,970,0.98,easy,0.5264075714531328,512928.0,0.0,25002,
97,980,0.98,easy,0.2685832417532924,221662.0,900659.0,10261,OPPONENT
98,990,0.98,easy,0.46913237105587313,148221.0,859751.0,8581,OPPONENT
99,1000,0.98,easy,0.09070761615479807,77380.0,680016.0,7151,OPPONENT
100,1010,0.98,easy,1.287912937085453e-05,0.0,416299.0,25002,
101,1020,0.98,easy,3.30011220381493e-05,0.0,806802.0,20081,OPPONENT
102,1030,0.98,easy,0.011420034857664536,5868.0,129175.0,25002,
103,1040,0.98,easy,0.15679103536490893,223936.0,898385.0,10531,OPPONENT
104,1050,0.98,easy,0.12189764062268973,86451.0,1460242.0,15421,OPPONENT
105,1060,0.98,easy,0.012965209289242831,0.0,477264.0,23561,OPPONENT
106,1070,0.98,easy,0.5332447813738512,623630.0,0.0,25002,
107,1080,0.98,easy,0.09583244282966445,0.0,169160.0,7891,OPPONENT
108,1090,0.98,easy,0.5064361251734015,836218.0,239652.0,25002,
109,1100,0.98,easy,0.8008392511297612,620682.0,18421.0,11981,AGENT
110,1110,0.98,easy,0.09985982430568353,0.0,789015.0,7241,OPPONENT
111,1120,0.98,easy,0.03572938187171998,0.0,169444.0,5411,OPPONENT
112,1130,0.98,easy,3.490523229432092e-05,52.0,733205.0,13391,OPPONENT
113,1140,0.98,easy,0.008937803885332102,0.0,810507.0,10391,OPPONENT
114,1150,0.98,easy,0.5939104892454439,557880.0,473290.0,25002,
115,1160,0.98,easy,0.8075998563673616,1476687.0,290805.0,19651,AGENT
116,1170,0.98,easy,0.02574149272161668,0.0,168969.0,5751,OPPONENT
117,1180,0.98,easy,0.2827620549423189,137956.0,121020.0,25002,
118,1190,0.98,easy,0.17440573721830402,0.0,169301.0,6291,OPPONENT
119,1200,0.98,easy,0.005048618713374976,0.0,437463.0,25002,
120,1210,0.98,easy,0.007509037134406835,0.0,306335.0,4791,OPPONENT
121,1220,0.98,easy,0.003431755631816792,2605.0,621029.0,7281,OPPONENT
122,1230,0.98,easy,0.07867008342680301,0.0,786546.0,9311,OPPONENT
123,1240,0.98,easy,0.5252625794944782,899290.0,215670.0,19941,AGENT
124,1250,0.98,easy,0.11275941374723182,0.0,732849.0,10311,OPPONENT
125,1260,0.98,easy,0.14200090237705112,0.0,170185.0,6821,OPPONENT
126,1270,0.98,easy,0.8095511306108674,684703.0,158429.0,10771,AGENT
127,1280,0.98,easy,0.030484899220812673,0.0,419002.0,25002,
128,1290,0.98,easy,0.0005390919209900675,0.0,732914.0,10551,OPPONENT
129,1300,0.98,easy,0.00018471655245026506,273.0,874132.0,25002,
130,1310,0.98,easy,0.003142944514287656,2461.0,620847.0,6631,OPPONENT
131,1320,0.98,easy,0.00037660774665760623,354.0,366738.0,25002,
132,1330,0.98,easy,0.7865087850023218,917952.0,218017.0,17041,AGENT
133,1340,0.98,easy,0.382125366637026,396521.0,0.0,25002,
134,1350,0.98,easy,0.00022970075846289657,369.0,898388.0,8951,OPPONENT
135,1360,0.98,easy,0.14931880108991827,18984.0,1464299.0,10941,OPPONENT
136,1370,0.98,easy,0.09692145935138728,0.0,822381.0,11721,OPPONENT
137,1380,0.98,easy,0.40994189799870884,317555.0,0.0,25002,
138,1390,0.98,easy,0.1664896138068544,203898.0,820429.0,20311,OPPONENT
139,1400,0.98,easy,0.6825412252567467,797431.0,366559.0,25002,
140,1410,0.98,easy,0.0013264896605622795,0.0,1460254.0,12571,OPPONENT
141,1420,0.98,easy,0.002715873673590718,0.0,898285.0,9521,OPPONENT
142,1430,0.98,easy,0.37174389308796146,158460.0,0.0,25002,
143,1440,0.98,easy,0.5332447813738512,623630.0,539032.0,25002,
144,1450,0.98,easy,0.7105259665281962,691539.0,224370.0,25002,
145,1460,0.98,easy,0.18537258252774194,62520.0,801188.0,10441,OPPONENT
146,1470,0.98,easy,0.004337290792152341,0.0,898921.0,8141,OPPONENT
147,1480,0.98,easy,0.03663051507017133,62589.0,898790.0,8291,OPPONENT
148,1490,0.98,easy,0.2125993117985119,204084.0,918237.0,10821,OPPONENT
149,1500,0.98,easy,0.21372339391583245,209712.0,953886.0,20941,OPPONENT
150,1510,0.98,easy,5.123796619432853e-05,0.0,907541.0,25002,
151,1520,0.98,easy,0.7951156035032019,928524.0,224001.0,23891,AGENT
152,1530,0.98,easy,0.000165899106799209,0.0,832441.0,8601,OPPONENT
153,1540,0.98,easy,0.4878934188480732,835252.0,0.0,25004,
154,1550,0.98,easy,0.005402758879824197,6443.0,968894.0,20821,OPPONENT
155,1560,0.98,easy,3.30011220381493e-05,0.0,806732.0,13921,OPPONENT
156,1570,0.98,easy,0.0014709006815173157,0.0,820693.0,10451,OPPONENT
157,1580,0.98,easy,0.07776864935918501,23145.0,307076.0,6661,OPPONENT
158,1590,0.98,easy,0.010291310482197693,0.0,258976.0,25002,
159,1600,0.98,easy,0.08727695244418623,35704.0,129495.0,25002,
160,1610,0.98,easy,0.0012143814617702098,0.0,833822.0,7861,OPPONENT
161,1620,0.98,easy,0.07180234668632478,74193.0,788865.0,10071,OPPONENT
162,1630,0.98,easy,8.171670452873977e-05,0.0,820637.0,11081,OPPONENT
163,1640,0.98,easy,0.00033128334069518537,239.0,72626.0,25002,
164,1650,0.98,easy,0.6425110364784656,1164783.0,616189.0,25002,
165,1660,0.98,easy,0.04610170046584741,0.0,595236.0,25002,
166,1670,0.98,easy,0.025981491424781275,27061.0,836356.0,7711,OPPONENT
167,1680,0.98,easy,0.015820972717365205,24604.0,739627.0,25002,
168,1690,0.98,easy,0.03091615321337321,0.0,823409.0,9431,OPPONENT
169,1700,0.98,easy,0.38885423440880196,150738.0,843161.0,17141,OPPONENT
170,1710,0.98,easy,0.049100843861168766,0.0,821163.0,13021,OPPONENT
171,1720,0.98,easy,0.45790771561039584,698687.0,7181.0,25002,
172,1730,0.98,easy,0.14564574768101662,5029.0,623958.0,11241,OPPONENT
173,1740,0.98,easy,0.31755332392729685,157391.0,101445.0,25002,
174,1750,0.98,easy,0.5330798639714425,969827.0,0.0,25002,
175,1760,0.98,easy,0.16705120756909286,0.0,258836.0,25002,
176,1770,0.98,easy,0.0680215122220919,0.0,791509.0,11291,OPPONENT
177,1780,0.98,easy,0.025283078116630033,38923.0,756645.0,25002,
178,1790,0.98,easy,0.6769751344878575,284542.0,132901.0,25002,
179,1800,0.98,easy,0.06198571512897704,135.0,727795.0,13221,OPPONENT
180,1810,0.98,easy,0.09280180761781795,72550.0,621361.0,6961,OPPONENT
181,1820,0.98,easy,0.8015204158464344,336853.0,81269.0,13661,AGENT
182,1830,0.98,easy,0.4757924160118137,284430.0,0.0,25002,
183,1840,0.98,easy,0.0001436326384048328,0.0,1461811.0,12691,OPPONENT
184,1850,0.98,easy,0.28761638733705774,73572.0,307144.0,14911,OPPONENT
185,1860,0.98,easy,0.41502279896056354,654160.0,0.0,25002,
186,1870,0.98,easy,0.361743962385125,41141.0,169073.0,14881,OPPONENT
187,1880,0.98,easy,0.1140916404790445,132564.0,933159.0,15681,OPPONENT
188,1890,0.98,easy,0.06328458135735066,0.0,966061.0,21541,OPPONENT
189,1900,0.98,easy,0.07108192180318439,109319.0,787968.0,9631,OPPONENT
190,1910,0.98,easy,0.1250797527115922,194962.0,807705.0,14631,OPPONENT
191,1920,0.98,easy,0.4421634174884109,186047.0,233055.0,25002,
192,1930,0.98,easy,0.3720837011548093,631009.0,491312.0,25002,
193,1940,0.98,easy,0.10253605904413961,182760.0,732674.0,9981,OPPONENT
194,1950,0.98,easy,0.2652979321124559,350560.0,1464465.0,14571,OPPONENT
195,1960,0.98,easy,0.0649647792170357,111241.0,898127.0,8781,OPPONENT
196,1970,0.98,easy,0.04583755203059962,38740.0,678691.0,7401,OPPONENT
197,1980,0.98,easy,0.018227967652440825,0.0,725839.0,18871,OPPONENT
198,1990,0.98,easy,0.00020167467547829864,0.0,732898.0,11291,OPPONENT
199,2000,0.98,easy,0.803894230102246,472706.0,98023.0,19001,AGENT
200,2010,0.98,easy,0.19998212899514692,74383.0,789325.0,9471,OPPONENT
201,2020,0.98,easy,0.0008626753553558868,919.0,832927.0,9311,OPPONENT
202,2030,0.98,easy,0.8126153683877433,484716.0,0.0,4131,AGENT
203,2040,0.98,easy,0.0745743392462777,8265.0,168784.0,8441,OPPONENT
204,2050,0.98,easy,0.7703863295524154,1403296.0,0.0,25002,
205,2060,0.98,easy,0.3182111950925622,42921.0,306922.0,10531,OPPONENT
206,2070,0.98,easy,0.00018228287975923148,328.0,732713.0,8001,OPPONENT
207,2080,0.98,easy,0.01726719460748871,20839.0,965941.0,20781,OPPONENT
208,2090,0.98,easy,0.10398156528806546,158937.0,667979.0,25002,
209,2100,0.98,easy,0.005619096959311362,0.0,878215.0,25002,
210,2110,0.98,easy,0.04111448054015112,0.0,789123.0,7571,OPPONENT
211,2120,0.98,easy,0.081425097122643,85124.0,836618.0,8181,OPPONENT
212,2130,0.98,easy,0.06953163364168448,72094.0,833705.0,8421,OPPONENT
213,2140,0.98,easy,0.10320313681687551,183035.0,732753.0,10921,OPPONENT
214,2150,0.98,easy,0.008149852119618797,0.0,306620.0,5441,OPPONENT
215,2160,0.98,easy,0.2439517614599281,240140.0,0.0,25002,
216,2170,0.98,easy,0.0003881201484981438,336.0,679339.0,6831,OPPONENT
217,2180,0.98,easy,0.12378170857809166,24250.0,807290.0,13841,OPPONENT
218,2190,0.98,easy,0.23104392595026838,74363.0,306353.0,7401,OPPONENT
219,2200,0.98,easy,0.40330072862887706,101256.0,841885.0,12361,OPPONENT
220,2210,0.98,easy,0.04812024340682389,75788.0,820251.0,11641,OPPONENT
221,2220,0.98,easy,0.07556594955806098,0.0,733011.0,9951,OPPONENT
