tick,tiles
1,0
2,52
3,52
4,52
5,52
6,52
7,52
8,52
9,52
10,52
11,52
12,52
13,52
14,52
15,52
16,52
17,52
18,52
19,52
20,52
21,52
22,52
23,52
24,52
25,52
26,52
27,52
28,52
29,52
30,52
31,52
32,52
33,52
34,52
35,52
36,52
37,52
38,52
39,52
40,52
41,52
42,52
43,52
44,52
45,52
46,52
47,52
48,52
49,52
50,52
51,52
52,52
53,52
54,52
55,52
56,52
57,52
58,52
59,52
60,52
61,52
62,52
63,52
64,52
65,52
66,52
67,52
68,52
69,52
70,52
71,52
72,52
73,52
74,52
75,52
76,52
77,52
78,52
79,52
80,52
81,52
82,52
83,52
84,52
85,52
86,52
87,52
88,52
89,52
90,52
91,52
92,52
93,52
94,52
95,52
96,52
97,52
98,52
99,52
100,52
101,52
102,52
103,52
104,52
105,52
106,52
107,52
108,52
109,52
110,52
111,52
112,52
113,52
114,52
115,52
116,52
117,52
118,52
119,52
120,52
121,52
122,52
123,52
124,52
125,52
126,52
127,52
128,52
129,52
130,52
131,52
132,52
133,52
134,52
135,52
136,52
137,52
138,52
139,52
140,52
141,52
142,52
143,52
144,52
145,52
146,52
147,52
148,52
149,52
150,52
151,52
152,52
153,52
154,52
155,52
156,52
157,52
158,52
159,52
160,52
161,52
162,52
163,52
164,52
165,52
166,52
167,52
168,52
169,52
170,52
171,52
172,52
173,52
174,52
175,52
176,52
177,52
178,52
179,52
180,52
181,52
182,52
183,52
184,52
185,52
186,52
187,52
188,52
189,52
190,52
191,52
192,52
193,52
194,52
195,52
196,52
197,52
198,52
199,52
200,52
201,52
202,52
203,52
204,52
205,52
206,52
207,52
208,52
209,52
210,52
211,52
212,52
213,52
214,52
215,52
216,52
217,52
218,52
219,52
220,52
221,52
222,52
223,52
224,52
225,52
226,52
227,52
228,52
229,52
230,52
231,52
232,52
233,52
234,52
235,52
236,52
237,52
238,52
239,52
240,52
241,52
242,52
243,52
244,52
245,52
246,52
247,52
248,52
249,52
250,52
251,52
252,52
253,52
254,52
255,52
256,52
257,52
258,52
259,52
260,52
261,52
262,52
263,52
264,52
265,52
266,52
267,52
268,52
269,52
270,52
271,52
272,52
273,52
274,52
275,52
276,52
277,52
278,52
279,52
280,52
281,52
282,52
283,52
284,52
285,52
286,52
287,52
288,52
289,52
290,52
291,52
292,52
293,52
294,52
295,52
296,52
297,52
298,52
299,52
300,52
301,52
302,52
303,52
304,52
305,52
306,52
307,52
308,52
309,52
310,52
311,52
312,52
313,52
314,52
315,52
316,52
317,52
318,52
319,52
320,52
321,52
322,52
323,52
324,52
325,52
326,52
327,52
328,52
329,52
330,52
331,52
332,52
333,52
334,52
335,52
336,52
337,52
338,52
339,52
340,52
341,52
342,52
343,52
344,52
345,52
346,52
347,52
348,52
349,52
350,52
351,52
352,52
353,52
354,52
355,52
356,52
357,52
358,52
359,52
360,52
361,52
362,52
363,52
364,52
365,52
366,52
367,52
368,52
369,52
370,52
371,52
372,52
373,52
374,52
375,52
376,52
377,52
378,52
379,52
380,52
381,52
382,52
383,52
384,52
385,52
386,52
387,52
388,52
389,52
390,52
391,52
392,52
393,52
394,52
395,52
396,52
397,52
398,52
399,52
400,52
401,52
402,52
403,52
404,52
405,52
406,52
407,52
408,52
409,52
410,52
411,52
412,52
413,52
414,52
415,52
416,52
417,52
418,52
419,52
420,52
421,52
422,52
423,52
424,52
425,52
426,52
427,52
428,52
429,52
430,52
431,52
432,52
433,52
434,52
435,52
436,52
437,52
438,52
439,52
440,52
441,52
442,52
443,52
444,52
445,52
446,52
447,52
448,52
449,52
450,52
451,52
452,52
453,52
454,52
455,52
456,52
457,52
458,52
459,52
460,52
461,52
462,52
463,52
464,52
465,52
466,52
467,52
468,52
469,52
470,52
471,52
472,52
473,52
474,52
475,52
476,52
477,52
478,52
479,52
480,52
481,52
482,52
483,52
484,52
485,52
486,52
487,52
488,52
489,52
490,52
491,52
492,52
493,52
494,52
495,52
496,52
497,52
498,52
499,52
500,52
501,52
502,52
503,52
504,52
505,52
506,52
507,52
508,52
509,52
510,52
511,52
512,52
513,52
514,52
515,52
516,52
517,52
518,52
519,52
520,52
521,52
522,52
523,52
524,52
525,52
526,52
527,52
528,52
529,52
530,52
531,52
532,52
533,52
534,52
535,52
536,52
537,52
538,52
539,52
540,52
541,52
542,52
543,52
544,52
545,52
546,52
547,52
548,52
549,52
550,52
551,52
552,52
553,52
554,52
555,52
556,52
557,52
558,52
559,52
560,52
561,52
562,52
563,52
564,52
565,52
566,52
567,52
568,52
569,52
570,52
571,52
572,52
573,52
574,52
575,52
576,52
577,52
578,52
579,52
580,52
581,52
582,52
583,52
584,52
585,52
586,52
587,52
588,52
589,52
590,52
591,52
592,52
593,52
594,52
595,52
596,52
597,52
598,52
599,52
600,52
601,52
602,52
603,52
604,52
605,52
606,52
607,52
608,52
609,52
610,52
611,52
612,52
613,52
614,52
615,52
616,52
617,52
618,52
619,52
620,52
621,52
622,52
623,52
624,52
625,52
626,52
627,52
628,52
629,52
630,52
631,52
632,52
633,52
634,52
635,52
636,52
637,52
638,52
639,52
640,52
641,52
642,52
643,52
644,52
645,52
646,52
647,52
648,52
649,52
650,52
651,52
652,52
653,52
654,52
655,52
656,52
657,52
658,52
659,52
660,52
661,52
662,52
663,52
664,52
665,52
666,52
667,52
668,52
669,52
670,52
671,52
672,52
673,52
674,52
675,52
676,52
677,52
678,52
679,52
680,52
681,52
682,52
683,52
684,52
685,52
686,52
687,52
688,52
689,52
690,52
691,52
692,52
693,52
694,52
695,52
696,52
697,52
698,52
699,52
700,52
701,52
702,52
703,52
704,52
705,52
706,52
707,52
708,52
709,52
710,52
711,52
712,52
713,52
714,52
715,52
716,52
717,52
718,52
719,52
720,52
721,52
722,52
723,52
724,52
725,52
726,52
727,52
728,52
729,52
730,52
731,52
732,52
733,52
734,52
735,52
736,52
737,52
738,52
739,52
740,52
741,52
742,52
743,52
744,52
745,52
746,52
747,52
748,52
749,52
750,52
751,52
752,52
753,52
754,52
755,52
756,52
757,52
758,52
759,52
760,52
761,52
762,52
763,52
764,52
765,52
766,52
767,52
768,52
769,52
770,52
771,52
772,52
773,52
774,52
775,52
776,52
777,52
778,52
779,52
780,52
781,52
782,52
783,52
784,52
785,52
786,52
787,52
788,52
789,52
790,52
791,52
792,52
793,52
794,52
795,52
796,52
797,52
798,52
799,52
800,52
801,52
802,52
803,52
804,52
805,52
806,52
807,52
808,52
809,52
810,52
811,52
812,52
813,52
814,52
815,52
816,52
817,52
818,52
819,52
820,52
821,52
822,52
823,52
824,52
825,52
826,52
827,52
828,52
829,52
830,52
831,52
832,52
833,52
834,52
835,52
836,52
837,52
838,52
839,52
840,52
841,52
842,52
843,52
844,52
845,52
846,52
847,52
848,52
849,52
850,52
851,52
852,52
853,52
854,52
855,52
856,52
857,52
858,52
859,52
860,52
861,52
862,52
863,52
864,52
865,52
866,52
867,52
868,52
869,52
870,52
871,52
872,52
873,52
874,52
875,52
876,52
877,52
878,52
879,52
880,52
881,52
882,52
883,52
884,52
885,52
886,52
887,52
888,52
889,52
890,52
891,52
892,52
893,52
894,52
895,52
896,52
897,52
898,52
899,52
900,52
901,52
902,52
903,52
904,52
905,52
906,52
907,52
908,52
909,52
910,52
911,52
912,52
913,52
914,52
915,52
916,52
917,52
918,52
919,52
920,52
921,52
922,52
923,52
924,52
925,52
926,52
927,52
928,52
929,52
930,52
931,52
932,52
933,52
934,52
935,52
936,52
937,52
938,52
939,52
940,52
941,52
942,52
943,52
944,52
945,52
946,52
947,52
948,52
949,52
950,52
951,52
952,52
953,52
954,52
955,52
956,52
957,52
958,52
959,52
960,52
961,52
962,52
963,52
964,52
965,52
966,52
967,52
968,52
969,52
970,52
971,52
972,52
973,52
974,52
975,52
976,52
977,52
978,52
979,52
980,52
981,52
982,52
983,52
984,52
985,52
986,52
987,52
988,52
989,52
990,52
991,52
992,52
993,52
994,52
995,52
996,52
997,52
998,52
999,52
1000,52
1001,52
1002,52
1003,52
1004,52
1005,52
1006,52
1007,52
1008,52
1009,52
1010,52
1011,52
1012,52
1013,52
1014,52
1015,52
1016,52
1017,52
1018,52
1019,52
1020,52
1021,52
1022,52
1023,52
1024,52
1025,52
1026,52
1027,52
1028,52
1029,52
1030,52
1031,52
1032,52
1033,52
1034,52
1035,52
1036,52
1037,52
1038,52
1039,52
1040,52
1041,52
1042,52
1043,52
1044,52
1045,52
1046,52
1047,52
1048,52
1049,52
1050,52
1051,52
1052,52
1053,52
1054,52
1055,52
1056,52
1057,52
1058,52
1059,52
1060,52
1061,52
1062,52
1063,52
1064,52
1065,52
1066,52
1067,52
1068,52
1069,52
1070,52
1071,52
1072,52
1073,52
1074,52
1075,52
1076,52
1077,52
1078,52
1079,52
1080,52
1081,52
1082,52
1083,52
1084,52
1085,52
1086,52
1087,52
1088,52
1089,52
1090,52
1091,52
1092,52
1093,52
1094,52
1095,52
1096,52
1097,52
1098,52
1099,52
1100,52
1101,52
1102,52
1103,52
1104,52
1105,52
1106,52
1107,52
1108,52
1109,52
1110,52
1111,52
1112,52
1113,52
1114,52
1115,52
1116,52
1117,52
1118,52
1119,52
1120,52
1121,52
1122,52
1123,52
1124,52
1125,52
1126,52
1127,52
1128,52
1129,52
1130,52
1131,52
1132,52
1133,52
1134,52
1135,52
1136,52
1137,52
1138,52
1139,52
1140,52
1141,52
1142,52
1143,52
1144,52
1145,52
1146,52
1147,52
1148,52
1149,52
1150,52
1151,52
1152,52
1153,52
1154,52
1155,52
1156,52
1157,52
1158,52
1159,52
1160,52
1161,52
1162,52
1163,52
1164,52
1165,52
1166,52
1167,52
1168,52
1169,52
1170,52
1171,52
1172,52
1173,52
1174,52
1175,52
1176,52
1177,52
1178,52
1179,52
1180,52
1181,52
1182,52
1183,52
1184,52
1185,52
1186,52
1187,52
1188,52
1189,52
1190,52
1191,52
1192,52
1193,52
1194,52
1195,52
1196,52
1197,52
1198,52
1199,52
1200,52
1201,52
1202,52
1203,52
1204,52
1205,52
1206,52
1207,52
1208,52
1209,52
1210,52
1211,52
1212,52
1213,52
1214,52
1215,52
1216,52
1217,52
1218,52
1219,52
1220,52
1221,52
1222,52
1223,52
1224,52
1225,52
1226,52
1227,52
1228,52
1229,52
1230,52
1231,52
1232,52
1233,52
1234,52
1235,52
1236,52
1237,52
1238,52
1239,52
1240,52
1241,52
1242,52
1243,52
1244,52
1245,52
1246,52
1247,52
1248,52
1249,52
1250,52
1251,52
1252,52
1253,52
1254,52
1255,52
1256,52
1257,52
1258,52
1259,52
1260,52
1261,52
1262,52
1263,52
1264,52
1265,52
1266,52
1267,52
1268,52
1269,52
1270,52
1271,52
1272,52
1273,52
1274,52
1275,52
1276,52
1277,52
1278,52
1279,52
1280,52
1281,52
1282,52
1283,52
1284,52
1285,52
1286,52
1287,52
1288,52
1289,52
1290,52
1291,52
1292,52
1293,52
1294,52
1295,52
1296,52
1297,52
1298,52
1299,52
1300,52
1301,52
1302,52
1303,52
1304,52
1305,52
1306,52
1307,52
1308,52
1309,52
1310,52
1311,52
1312,52
1313,52
1314,52
1315,52
1316,52
1317,52
1318,52
1319,52
1320,52
1321,52
1322,52
1323,52
1324,52
1325,52
1326,52
1327,52
1328,52
1329,52
1330,52
1331,52
1332,52
1333,52
1334,52
1335,52
1336,52
1337,52
1338,52
1339,52
1340,52
1341,52
1342,52
1343,52
1344,52
1345,52
1346,52
1347,52
1348,52
1349,52
1350,52
1351,52
1352,52
1353,52
1354,52
1355,52
1356,52
1357,52
1358,52
1359,52
1360,52
1361,52
1362,52
1363,52
1364,52
1365,52
1366,52
1367,52
1368,52
1369,52
1370,52
1371,52
1372,52
1373,52
1374,52
1375,52
1376,52
1377,52
1378,52
1379,52
1380,52
1381,52
1382,52
1383,52
1384,52
1385,52
1386,52
1387,52
1388,52
1389,52
1390,52
1391,52
1392,52
1393,52
1394,52
1395,52
1396,52
1397,52
1398,52
1399,52
1400,52
1401,52
1402,52
1403,52
1404,52
1405,52
1406,52
1407,52
1408,52
1409,52
1410,52
1411,52
1412,52
1413,52
1414,52
1415,52
1416,52
1417,52
1418,52
1419,52
1420,52
1421,52
1422,52
1423,52
1424,52
1425,52
1426,52
1427,52
1428,52
1429,52
1430,52
1431,52
1432,52
1433,52
1434,52
1435,52
1436,52
1437,52
1438,52
1439,52
1440,52
1441,52
1442,52
1443,52
1444,52
1445,52
1446,52
1447,52
1448,52
1449,52
1450,52
1451,52
1452,52
1453,52
1454,52
1455,52
1456,52
1457,52
1458,52
1459,52
1460,52
1461,52
1462,52
1463,52
1464,52
1465,52
1466,52
1467,52
1468,52
1469,52
1470,52
1471,52
1472,52
1473,52
1474,52
1475,52
1476,52
1477,52
1478,52
1479,52
1480,52
1481,52
1482,52
1483,52
1484,52
1485,52
1486,52
1487,52
1488,52
1489,52
1490,52
1491,52
1492,52
1493,52
1494,52
1495,52
1496,52
1497,52
1498,52
1499,52
1500,52
1501,52
1502,52
1503,52
1504,52
1505,52
1506,52
1507,52
1508,52
1509,52
1510,52
1511,52
1512,52
1513,52
1514,52
1515,52
1516,52
1517,52
1518,52
1519,52
1520,52
1521,52
1522,52
1523,52
1524,52
1525,52
1526,52
1527,52
1528,52
1529,52
1530,52
1531,52
1532,52
1533,52
1534,52
1535,52
1536,52
1537,52
1538,52
1539,52
1540,52
1541,52
1542,52
1543,52
1544,52
1545,52
1546,52
1547,52
1548,52
1549,52
1550,52
1551,52
1552,52
1553,52
1554,52
1555,52
1556,52
1557,52
1558,52
1559,52
1560,52
1561,52
1562,52
1563,52
1564,52
1565,52
1566,52
1567,52
1568,52
1569,52
1570,52
1571,52
1572,52
1573,52
1574,52
1575,52
1576,52
1577,52
1578,52
1579,52
1580,52
1581,52
1582,52
1583,52
1584,52
1585,52
1586,52
1587,52
1588,52
1589,52
1590,52
1591,52
1592,52
1593,52
1594,52
1595,52
1596,52
1597,52
1598,52
1599,52
1600,52
1601,52
1602,52
1603,52
1604,52
1605,52
1606,52
1607,52
1608,52
1609,52
1610,52
1611,52
1612,52
1613,52
1614,52
1615,52
1616,52
1617,52
1618,52
1619,52
1620,52
1621,52
1622,52
1623,52
1624,52
1625,52
1626,52
1627,52
1628,52
1629,52
1630,52
1631,52
1632,52
1633,52
1634,52
1635,52
1636,52
1637,52
1638,52
1639,52
1640,52
1641,52
1642,52
1643,52
1644,52
1645,52
1646,52
1647,52
1648,52
1649,52
1650,52
1651,52
1652,52
1653,52
1654,52
1655,52
1656,52
1657,52
1658,52
1659,52
1660,52
1661,52
1662,52
1663,52
1664,52
1665,52
1666,52
1667,52
1668,52
1669,52
1670,52
1671,52
1672,52
1673,52
1674,52
1675,52
1676,52
1677,52
1678,52
1679,52
1680,52
1681,52
1682,52
1683,52
1684,52
1685,52
1686,52
1687,52
1688,52
1689,52
1690,52
1691,52
1692,52
1693,52
1694,52
1695,52
1696,52
1697,52
1698,52
1699,52
1700,52
1701,52
1702,52
1703,52
1704,52
1705,52
1706,52
1707,52
1708,52
1709,52
1710,52
1711,52
1712,52
1713,52
1714,52
1715,52
1716,52
1717,52
1718,52
1719,52
1720,52
1721,52
1722,52
1723,52
1724,52
1725,52
1726,52
1727,52
1728,52
1729,52
1730,52
1731,52
1732,52
1733,52
1734,52
1735,52
1736,52
1737,52
1738,52
1739,52
1740,52
1741,52
1742,52
1743,52
1744,52
1745,52
1746,52
1747,52
1748,52
1749,52
1750,52
1751,52
1752,52
1753,52
1754,52
1755,52
1756,52
1757,52
1758,52
1759,52
1760,52
1761,52
1762,52
1763,52
1764,52
1765,52
1766,52
1767,52
1768,52
1769,52
1770,52
1771,52
1772,52
1773,52
1774,52
1775,52
1776,52
1777,52
1778,52
1779,52
1780,52
1781,52
1782,52
1783,52
1784,52
1785,52
1786,52
1787,52
1788,52
1789,52
1790,52
1791,52
1792,52
1793,52
1794,52
1795,52
1796,52
1797,52
1798,52
1799,52
1800,52
1801,52
1802,52
1803,52
1804,52
1805,52
1806,52
1807,52
1808,52
1809,52
1810,52
1811,52
1812,52
1813,52
1814,52
1815,52
1816,52
1817,52
1818,52
1819,52
1820,52
1821,52
1822,52
1823,52
1824,52
1825,52
1826,52
1827,52
1828,52
1829,52
1830,52
1831,52
1832,52
1833,52
1834,52
1835,52
1836,52
1837,52
1838,52
1839,52
1840,52
1841,52
1842,52
1843,52
1844,52
1845,52
1846,52
1847,52
1848,52
1849,52
1850,52
1851,52
1852,52
1853,52
1854,52
1855,52
1856,52
1857,52
1858,52
1859,52
1860,52
1861,52
1862,52
1863,52
1864,52
1865,52
1866,52
1867,52
1868,52
1869,52
1870,52
1871,52
1872,52
1873,52
1874,52
1875,52
1876,52
1877,52
1878,52
1879,52
1880,52
1881,52
1882,52
1883,52
1884,52
1885,52
1886,52
1887,52
1888,52
1889,52
1890,52
1891,52
1892,52
1893,52
1894,52
1895,52
1896,52
1897,52
1898,52
1899,52
1900,52
1901,52
1902,52
1903,52
1904,52
1905,52
1906,52
1907,52
1908,52
1909,52
1910,52
1911,52
1912,52
1913,52
1914,52
1915,52
1916,52
1917,52
1918,52
1919,52
1920,52
1921,52
1922,52
1923,52
1924,52
1925,52
1926,52
1927,52
1928,52
1929,52
1930,52
1931,52
1932,52
1933,52
1934,52
1935,52
1936,52
1937,52
1938,52
1939,52
1940,52
1941,52
1942,52
1943,52
1944,52
1945,52
1946,52
1947,52
1948,52
1949,52
1950,52
1951,52
1952,52
1953,52
1954,52
1955,52
1956,52
1957,52
1958,52
1959,52
1960,52
1961,52
1962,52
1963,52
1964,52
1965,52
1966,52
1967,52
1968,52
1969,52
1970,52
1971,52
1972,52
1973,52
1974,52
1975,52
1976,52
1977,52
1978,52
1979,52
1980,52
1981,52
1982,52
1983,52
1984,52
1985,52
1986,52
1987,52
1988,52
1989,52
1990,52
1991,52
1992,52
1993,52
1994,52
1995,52
1996,52
1997,52
1998,52
1999,52
2000,52
2001,52
2002,52
2003,52
2004,52
2005,52
2006,52
2007,52
2008,52
2009,52
2010,52
2011,52
2012,52
2013,52
2014,52
2015,52
2016,52
2017,52
2018,52
2019,52
2020,52
2021,52
2022,52
2023,52
2024,52
2025,52
2026,52
2027,52
2028,52
2029,52
2030,52
2031,52
2032,52
2033,52
2034,52
2035,52
2036,52
2037,52
2038,52
2039,52
2040,52
2041,52
2042,52
2043,52
2044,52
2045,52
2046,52
2047,52
2048,52
2049,52
2050,52
2051,52
2052,52
2053,52
2054,52
2055,52
2056,52
2057,52
2058,52
2059,52
2060,52
2061,52
2062,52
2063,52
2064,52
2065,52
2066,52
2067,52
2068,52
2069,52
2070,52
2071,52
2072,52
2073,52
2074,52
2075,52
2076,52
2077,52
2078,52
2079,52
2080,52
2081,52
2082,52
2083,52
2084,52
2085,52
2086,52
2087,52
2088,52
2089,52
2090,52
2091,52
2092,52
2093,52
2094,52
2095,52
2096,52
2097,52
2098,52
2099,52
2100,52
2101,52
2102,52
2103,52
2104,52
2105,52
2106,52
2107,52
2108,52
2109,52
2110,52
2111,52
2112,52
2113,52
2114,52
2115,52
2116,52
2117,52
2118,52
2119,52
2120,52
2121,52
2122,52
2123,52
2124,52
2125,52
2126,52
2127,52
2128,52
2129,52
2130,52
2131,52
2132,52
2133,52
2134,52
2135,52
2136,52
2137,52
2138,52
2139,52
2140,52
2141,52
2142,52
2143,52
2144,52
2145,52
2146,52
2147,52
2148,52
2149,52
2150,52
2151,52
2152,52
2153,52
2154,52
2155,52
2156,52
2157,52
2158,52
2159,52
2160,52
2161,52
2162,52
2163,52
2164,52
2165,52
2166,52
2167,52
2168,52
2169,52
2170,52
2171,52
2172,52
2173,52
2174,52
2175,52
2176,52
2177,52
2178,52
2179,52
2180,52
2181,52
2182,52
2183,52
2184,52
2185,52
2186,52
2187,52
2188,52
2189,52
2190,52
2191,52
2192,52
2193,52
2194,52
2195,52
2196,52
2197,52
2198,52
2199,52
2200,52
2201,52
2202,52
2203,52
2204,52
2205,52
2206,52
2207,52
2208,52
2209,52
2210,52
2211,52
2212,52
2213,52
2214,52
2215,52
2216,52
2217,52
2218,52
2219,52
2220,52
2221,52
2222,52
2223,52
2224,52
2225,52
2226,52
2227,52
2228,52
2229,52
2230,52
2231,52
2232,52
2233,52
2234,52
2235,52
2236,52
2237,52
2238,52
2239,52
2240,52
2241,52
2242,52
2243,52
2244,52
2245,52
2246,52
2247,52
2248,52
2249,52
2250,52
2251,52
2252,52
2253,52
2254,52
2255,52
2256,52
2257,52
2258,52
2259,52
2260,52
2261,52
2262,52
2263,52
2264,52
2265,52
2266,52
2267,52
2268,52
2269,52
2270,52
2271,52
2272,52
2273,52
2274,52
2275,52
2276,52
2277,52
2278,52
2279,52
2280,52
2281,52
2282,52
2283,52
2284,52
2285,52
2286,52
2287,52
2288,52
2289,52
2290,52
2291,52
2292,52
2293,52
2294,52
2295,52
2296,52
2297,52
2298,52
2299,52
2300,52
2301,52
2302,52
2303,52
2304,52
2305,52
2306,52
2307,52
2308,52
2309,52
2310,52
2311,52
2312,52
2313,52
2314,52
2315,52
2316,52
2317,52
2318,52
2319,52
2320,52
2321,52
2322,52
2323,52
2324,52
2325,52
2326,52
2327,52
2328,52
2329,52
2330,52
2331,52
2332,52
2333,52
2334,52
2335,52
2336,52
2337,52
2338,52
2339,52
2340,52
2341,52
2342,52
2343,52
2344,52
2345,52
2346,52
2347,52
2348,52
2349,52
2350,52
2351,52
2352,52
2353,52
2354,52
2355,52
2356,52
2357,52
2358,52
2359,52
2360,52
2361,52
2362,52
2363,52
2364,52
2365,52
2366,52
2367,52
2368,52
2369,52
2370,52
2371,52
2372,52
2373,52
2374,52
2375,52
2376,52
2377,52
2378,52
2379,52
2380,52
2381,52
2382,52
2383,52
2384,52
2385,52
2386,52
2387,52
2388,52
2389,52
2390,52
2391,52
2392,52
2393,52
2394,52
2395,52
2396,52
2397,52
2398,52
2399,52
2400,52
2401,52
2402,52
2403,52
2404,52
2405,52
2406,52
2407,52
2408,52
2409,52
2410,52
2411,52
2412,52
2413,52
2414,52
2415,52
2416,52
2417,52
2418,52
2419,52
2420,52
2421,52
2422,52
2423,52
2424,52
2425,52
2426,52
2427,52
2428,52
2429,52
2430,52
2431,52
2432,52
2433,52
2434,52
2435,52
2436,52
2437,52
2438,52
2439,52
2440,52
2441,52
2442,52
2443,52
2444,52
2445,52
2446,52
2447,52
2448,52
2449,52
2450,52
2451,52
2452,52
2453,52
2454,52
2455,52
2456,52
2457,52
2458,52
2459,52
2460,52
2461,52
2462,52
2463,52
2464,52
2465,52
2466,52
2467,52
2468,52
2469,52
2470,52
2471,52
2472,52
2473,52
2474,52
2475,52
2476,52
2477,52
2478,52
2479,52
2480,52
2481,52
2482,52
2483,52
2484,52
2485,52
2486,52
2487,52
2488,52
2489,52
2490,52
2491,52
2492,52
2493,52
2494,52
2495,52
2496,52
2497,52
2498,52
2499,52
2500,52
2501,52
2502,52
2503,52
2504,52
2505,52
2506,52
2507,52
2508,52
2509,52
2510,52
2511,52
2512,52
2513,52
2514,52
2515,52
2516,52
2517,52
2518,52
2519,52
2520,52
2521,52
2522,52
2523,52
2524,52
2525,52
2526,52
2527,52
2528,52
2529,52
2530,52
2531,52
2532,52
2533,52
2534,52
2535,52
2536,52
2537,52
2538,52
2539,52
2540,52
2541,52
2542,52
2543,52
2544,52
2545,52
2546,52
2547,52
2548,52
2549,52
2550,52
2551,52
2552,52
2553,52
2554,52
2555,52
2556,52
2557,52
2558,52
2559,52
2560,52
2561,52
2562,52
2563,52
2564,52
2565,52
2566,52
2567,52
2568,52
2569,52
2570,52
2571,52
2572,52
2573,52
2574,52
2575,52
2576,52
2577,52
2578,52
2579,52
2580,52
2581,52
2582,52
2583,52
2584,52
2585,52
2586,52
2587,52
2588,52
2589,52
2590,52
2591,52
2592,52
2593,52
2594,52
2595,52
2596,52
2597,52
2598,52
2599,52
2600,52
2601,52
2602,52
2603,52
2604,52
2605,52
2606,52
2607,52
2608,52
2609,52
2610,52
2611,52
2612,52
2613,52
2614,52
2615,52
2616,52
2617,52
2618,52
2619,52
2620,52
2621,52
2622,52
2623,52
2624,52
2625,52
2626,52
2627,52
2628,52
2629,52
2630,52
2631,52
2632,52
2633,52
2634,52
2635,52
2636,52
2637,52
2638,52
2639,52
2640,52
2641,52
2642,52
2643,52
2644,52
2645,52
2646,52
2647,52
2648,52
2649,52
2650,52
2651,52
2652,52
2653,52
2654,52
2655,52
2656,52
2657,52
2658,52
2659,52
2660,52
2661,52
2662,52
2663,52
2664,52
2665,52
2666,52
2667,52
2668,52
2669,52
2670,52
2671,52
2672,52
2673,52
2674,52
2675,52
2676,52
2677,52
2678,52
2679,52
2680,52
2681,52
2682,52
2683,52
2684,52
2685,52
2686,52
2687,52
2688,52
2689,52
2690,52
2691,52
2692,52
2693,52
2694,52
2695,52
2696,52
2697,52
2698,52
2699,52
2700,52
2701,52
2702,52
2703,52
2704,52
2705,52
2706,52
2707,52
2708,52
2709,52
2710,52
2711,52
2712,52
2713,52
2714,52
2715,52
2716,52
2717,52
2718,52
2719,52
2720,52
2721,52
2722,52
2723,52
2724,52
2725,52
2726,52
2727,52
2728,52
2729,52
2730,52
2731,52
2732,52
2733,52
2734,52
2735,52
2736,52
2737,52
2738,52
2739,52
2740,52
2741,52
2742,52
2743,52
2744,52
2745,52
2746,52
2747,52
2748,52
2749,52
2750,52
2751,52
2752,52
2753,52
2754,52
2755,52
2756,52
2757,52
2758,52
2759,52
2760,52
2761,52
2762,52
2763,52
2764,52
2765,52
2766,52
2767,52
2768,52
2769,52
2770,52
2771,52
2772,52
2773,52
2774,52
2775,52
2776,52
2777,52
2778,52
2779,52
2780,52
2781,52
2782,52
2783,52
2784,52
2785,52
2786,52
2787,52
2788,52
2789,52
2790,52
2791,52
2792,52
2793,52
2794,52
2795,52
2796,52
2797,52
2798,52
2799,52
2800,52
2801,52
2802,52
2803,52
2804,52
2805,52
2806,52
2807,52
2808,52
2809,52
2810,52
2811,52
2812,52
2813,52
2814,52
2815,52
2816,52
2817,52
2818,52
2819,52
2820,52
2821,52
2822,52
2823,52
2824,52
2825,52
2826,52
2827,52
2828,52
2829,52
2830,52
2831,52
2832,52
2833,52
2834,52
2835,52
2836,52
2837,52
2838,52
2839,52
2840,52
2841,52
2842,52
2843,52
2844,52
2845,52
2846,52
2847,52
2848,52
2849,52
2850,52
2851,52
2852,52
2853,52
2854,52
2855,52
2856,52
2857,52
2858,52
2859,52
2860,52
2861,52
2862,52
2863,52
2864,52
2865,52
2866,52
2867,52
2868,52
2869,52
2870,52
2871,52
2872,52
2873,52
2874,52
2875,52
2876,52
2877,52
2878,52
2879,52
2880,52
2881,52
2882,52
2883,52
2884,52
2885,52
2886,52
2887,52
2888,52
2889,52
2890,52
2891,52
2892,52
2893,52
2894,52
2895,52
2896,52
2897,52
2898,52
2899,52
2900,52
2901,52
2902,52
2903,52
2904,52
2905,52
2906,52
2907,52
2908,52
2909,52
2910,52
2911,52
2912,52
2913,52
2914,52
2915,52
2916,52
2917,52
2918,52
2919,52
2920,52
2921,52
2922,52
2923,52
2924,52
2925,52
2926,52
2927,52
2928,52
2929,52
2930,52
2931,52
2932,52
2933,52
2934,52
2935,52
2936,52
2937,52
2938,52
2939,52
2940,52
2941,52
2942,52
2943,52
2944,52
2945,52
2946,52
2947,52
2948,52
2949,52
2950,52
2951,52
2952,52
2953,52
2954,52
2955,52
2956,52
2957,52
2958,52
2959,52
2960,52
2961,52
2962,52
2963,52
2964,52
2965,52
2966,52
2967,52
2968,52
2969,52
2970,52
2971,52
2972,52
2973,52
2974,52
2975,52
2976,52
2977,52
2978,52
2979,52
2980,52
2981,52
2982,52
2983,52
2984,52
2985,52
2986,52
2987,52
2988,52
2989,52
2990,52
2991,52
2992,52
2993,52
2994,52
2995,52
2996,52
2997,52
2998,52
2999,52
3000,52
3001,52
3002,52
3003,52
3004,52
3005,52
3006,52
3007,52
3008,52
3009,52
3010,52
3011,52
3012,52
3013,52
3014,52
3015,52
3016,52
3017,52
3018,52
3019,52
3020,52
3021,52
3022,52
3023,52
3024,52
3025,52
3026,52
3027,52
3028,52
3029,52
3030,52
3031,52
3032,52
3033,52
3034,52
3035,52
3036,52
3037,52
3038,52
3039,52
3040,52
3041,52
3042,52
3043,52
3044,52
3045,52
3046,52
3047,52
3048,52
3049,52
3050,52
3051,52
3052,52
3053,52
3054,52
3055,52
3056,52
3057,52
3058,52
3059,52
3060,52
3061,52
3062,52
3063,52
3064,52
3065,52
3066,52
3067,52
3068,52
3069,52
3070,52
3071,52
3072,52
3073,52
3074,52
3075,52
3076,52
3077,52
3078,52
3079,52
3080,52
3081,52
3082,52
3083,52
3084,52
3085,52
3086,52
3087,52
3088,52
3089,52
3090,52
3091,52
3092,52
3093,52
3094,52
3095,52
3096,52
3097,52
3098,52
3099,52
3100,52
3101,52
3102,52
3103,52
3104,52
3105,52
3106,52
3107,52
3108,52
3109,52
3110,52
3111,52
3112,52
3113,52
3114,52
3115,52
3116,52
3117,52
3118,52
3119,52
3120,52
3121,52
3122,52
3123,52
3124,52
3125,52
3126,52
3127,52
3128,52
3129,52
3130,52
3131,52
3132,52
3133,52
3134,52
3135,52
3136,52
3137,52
3138,52
3139,52
3140,52
3141,52
3142,52
3143,52
3144,52
3145,52
3146,52
3147,52
3148,52
3149,52
3150,52
3151,52
3152,52
3153,52
3154,52
3155,52
3156,52
3157,52
3158,52
3159,52
3160,52
3161,52
3162,52
3163,52
3164,52
3165,52
3166,52
3167,52
3168,52
3169,52
3170,52
3171,52
3172,52
3173,52
3174,52
3175,52
3176,52
3177,52
3178,52
3179,52
3180,52
3181,52
3182,52
3183,52
3184,52
3185,52
3186,52
3187,52
3188,52
3189,52
3190,52
3191,52
3192,52
3193,52
3194,52
3195,52
3196,52
3197,52
3198,52
3199,52
3200,52
3201,52
3202,52
3203,52
3204,52
3205,52
3206,52
3207,52
3208,52
3209,52
3210,52
3211,52
3212,52
3213,52
3214,52
3215,52
3216,52
3217,52
3218,52
3219,52
3220,52
3221,52
3222,52
3223,52
3224,52
3225,52
3226,52
3227,52
3228,52
3229,52
3230,52
3231,52
3232,52
3233,52
3234,52
3235,52
3236,52
3237,52
3238,52
3239,52
3240,52
3241,52
3242,52
3243,52
3244,52
3245,52
3246,52
3247,52
3248,52
3249,52
3250,52
3251,52
3252,52
3253,52
3254,52
3255,52
3256,52
3257,52
3258,52
3259,52
3260,52
3261,52
3262,52
3263,52
3264,52
3265,52
3266,52
3267,52
3268,52
3269,52
3270,52
3271,52
3272,52
3273,52
3274,52
3275,52
3276,52
3277,52
3278,52
3279,52
3280,52
3281,52
3282,52
3283,52
3284,52
3285,52
3286,52
3287,52
3288,52
3289,52
3290,52
3291,52
3292,52
3293,52
3294,52
3295,52
3296,52
3297,52
3298,52
3299,52
3300,52
3301,52
3302,52
3303,52
3304,52
3305,52
3306,52
3307,52
3308,52
3309,52
3310,52
3311,52
3312,52
3313,52
3314,52
3315,52
3316,52
3317,52
3318,52
3319,52
3320,52
3321,52
3322,52
3323,52
3324,52
3325,52
3326,52
3327,52
3328,52
3329,52
3330,52
3331,52
3332,52
3333,52
3334,52
3335,52
3336,52
3337,52
3338,52
3339,52
3340,52
3341,52
3342,52
3343,52
3344,52
3345,52
3346,52
3347,52
3348,52
3349,52
3350,52
3351,52
3352,52
3353,52
3354,52
3355,52
3356,52
3357,52
3358,52
3359,52
3360,52
3361,52
3362,52
3363,52
3364,52
3365,52
3366,52
3367,52
3368,52
3369,52
3370,52
3371,52
3372,52
3373,52
3374,52
3375,52
3376,52
3377,52
3378,52
3379,52
3380,52
3381,52
3382,52
3383,52
3384,52
3385,52
3386,52
3387,52
3388,52
3389,52
3390,52
3391,52
3392,52
3393,52
3394,52
3395,52
3396,52
3397,52
3398,52
3399,52
3400,52
3401,52
3402,52
3403,52
3404,52
3405,52
3406,52
3407,52
3408,52
3409,52
3410,52
3411,52
3412,52
3413,52
3414,52
3415,0
3416,0
3417,0
3418,0
3419,0
3420,0
3421,0
3422,0
3423,0
3424,0
3425,0
3426,0
3427,0
3428,0
3429,0
3430,0
3431,0
3432,0
3433,0
3434,0
3435,0
3436,0
3437,0
3438,0
3439,0
3440,0
3441,0
3442,0
3443,0
3444,0
3445,0
3446,0
3447,0
3448,0
3449,0
3450,0
3451,0
3452,0
3453,0
3454,0
3455,0
3456,0
3457,0
3458,0
3459,0
3460,0
3461,0
3462,0
3463,0
3464,0
3465,0
3466,0
3467,0
3468,0
3469,0
3470,0
3471,0
3472,0
3473,0
3474,0
3475,0
3476,0
3477,0
3478,0
3479,0
3480,0
3481,0
3482,0
3483,0
3484,0
3485,0
3486,0
3487,0
3488,0
3489,0
3490,0
3491,0
3492,0
3493,0
3494,0
3495,0
3496,0
3497,0
3498,0
3499,0
3500,0
3501,0
3502,0
3503,0
3504,0
3505,0
3506,0
3507,0
3508,0
3509,0
3510,0
3511,0
3512,0
3513,0
3514,0
3515,0
3516,0
3517,0
3518,0
3519,0
3520,0
3521,0
3522,0
3523,0
3524,0
3525,0
3526,0
3527,0
3528,0
3529,0
3530,0
3531,0
3532,0
3533,0
3534,0
3535,0
3536,0
3537,0
3538,0
3539,0
3540,0
3541,0
3542,0
3543,0
3544,0
3545,0
3546,0
3547,0
3548,0
3549,0
3550,0
3551,0
3552,0
3553,0
3554,0
3555,0
3556,0
3557,0
3558,0
3559,0
3560,0
3561,0
3562,0
3563,0
3564,0
3565,0
3566,0
3567,0
3568,0
3569,0
3570,0
3571,0
3572,0
3573,0
3574,0
3575,0
3576,0
3577,0
3578,0
3579,0
3580,0
3581,0
3582,0
3583,0
3584,0
3585,0
3586,0
3587,0
3588,0
3589,0
3590,0
3591,0
3592,0
3593,0
3594,0
3595,0
3596,0
3597,0
3598,0
3599,0
3600,0
3601,0
3602,0
3603,0
3604,0
3605,0
3606,0
3607,0
3608,0
3609,0
3610,0
3611,0
3612,0
3613,0
3614,0
3615,0
3616,0
3617,0
3618,0
3619,0
3620,0
3621,0
3622,0
3623,0
3624,0
3625,0
3626,0
3627,0
3628,0
3629,0
3630,0
3631,0
3632,0
3633,0
3634,0
3635,0
3636,0
3637,0
3638,0
3639,0
3640,0
3641,0
3642,0
3643,0
3644,0
3645,0
3646,0
3647,0
3648,0
3649,0
3650,0
3651,0
3652,0
3653,0
3654,0
3655,0
3656,0
3657,0
3658,0
3659,0
3660,0
3661,0
3662,0
3663,0
3664,0
3665,0
3666,0
3667,0
3668,0
3669,0
3670,0
3671,0
3672,0
3673,0
3674,0
3675,0
3676,0
3677,0
3678,0
3679,0
3680,0
3681,0
3682,0
3683,0
3684,0
3685,0
3686,0
3687,0
3688,0
3689,0
3690,0
3691,0
3692,0
3693,0
3694,0
3695,0
3696,0
3697,0
3698,0
3699,0
3700,0
3701,0
3702,0
3703,0
3704,0
3705,0
3706,0
3707,0
3708,0
3709,0
3710,0
3711,0
3712,0
3713,0
3714,0
3715,0
3716,0
3717,0
3718,0
3719,0
3720,0
3721,0
3722,0
3723,0
3724,0
3725,0
3726,0
3727,0
3728,0
3729,0
3730,0
3731,0
3732,0
3733,0
3734,0
3735,0
3736,0
3737,0
3738,0
3739,0
3740,0
3741,0
3742,0
3743,0
3744,0
3745,0
3746,0
3747,0
3748,0
3749,0
3750,0
3751,0
3752,0
3753,0
3754,0
3755,0
3756,0
3757,0
3758,0
3759,0
3760,0
3761,0
3762,0
3763,0
3764,0
3765,0
3766,0
3767,0
3768,0
3769,0
3770,0
3771,0
3772,0
3773,0
3774,0
3775,0
3776,0
3777,0
3778,0
3779,0
3780,0
3781,0
3782,0
3783,0
3784,0
3785,0
3786,0
3787,0
3788,0
3789,0
3790,0
3791,0
3792,0
3793,0
3794,0
3795,0
3796,0
3797,0
3798,0
3799,0
3800,0
3801,0
3802,0
3803,0
3804,0
3805,0
3806,0
3807,0
3808,0
3809,0
3810,0
3811,0
3812,0
3813,0
3814,0
3815,0
3816,0
3817,0
3818,0
3819,0
3820,0
3821,0
3822,0
3823,0
3824,0
3825,0
3826,0
3827,0
3828,0
3829,0
3830,0
3831,0
3832,0
3833,0
3834,0
3835,0
3836,0
3837,0
3838,0
3839,0
3840,0
3841,0
3842,0
3843,0
3844,0
3845,0
3846,0
3847,0
3848,0
3849,0
3850,0
3851,0
3852,0
3853,0
3854,0
3855,0
3856,0
3857,0
3858,0
3859,0
3860,0
3861,0
3862,0
3863,0
3864,0
3865,0
3866,0
3867,0
3868,0
3869,0
3870,0
3871,0
3872,0
3873,0
3874,0
3875,0
3876,0
3877,0
3878,0
3879,0
3880,0
3881,0
3882,0
3883,0
3884,0
3885,0
3886,0
3887,0
3888,0
3889,0
3890,0
3891,0
3892,0
3893,0
3894,0
3895,0
3896,0
3897,0
3898,0
3899,0
3900,0
3901,0
3902,0
3903,0
3904,0
3905,0
3906,0
3907,0
3908,0
3909,0
3910,0
3911,0
3912,0
3913,0
3914,0
3915,0
3916,0
3917,0
3918,0
3919,0
3920,0
3921,0
3922,0
3923,0
3924,0
3925,0
3926,0
3927,0
3928,0
3929,0
3930,0
3931,0
3932,0
3933,0
3934,0
3935,0
3936,0
3937,0
3938,0
3939,0
3940,0
3941,0
3942,0
3943,0
3944,0
3945,0
3946,0
3947,0
3948,0
3949,0
3950,0
3951,0
3952,0
3953,0
3954,0
3955,0
3956,0
3957,0
3958,0
3959,0
3960,0
3961,0
3962,0
3963,0
3964,0
3965,0
3966,0
3967,0
3968,0
3969,0
3970,0
3971,0
3972,0
3973,0
3974,0
3975,0
3976,0
3977,0
3978,0
3979,0
3980,0
3981,0
3982,0
3983,0
3984,0
3985,0
3986,0
3987,0
3988,0
3989,0
3990,0
3991,0
3992,0
3993,0
3994,0
3995,0
3996,0
3997,0
3998,0
3999,0
4000,0
4001,0
4002,0
4003,0
4004,0
4005,0
4006,0
4007,0
4008,0
4009,0
4010,0
4011,0
4012,0
4013,0
4014,0
4015,0
4016,0
4017,0
4018,0
4019,0
4020,0
4021,0
4022,0
4023,0
4024,0
4025,0
4026,0
4027,0
4028,0
4029,0
4030,0
4031,0
4032,0
4033,0
4034,0
4035,0
4036,0
4037,0
4038,0
4039,0
4040,0
4041,0
4042,0
4043,0
4044,0
4045,0
4046,0
4047,0
4048,0
4049,0
4050,0
4051,0
4052,0
4053,0
4054,0
4055,0
4056,0
4057,0
4058,0
4059,0
4060,0
4061,0
4062,0
4063,0
4064,0
4065,0
4066,0
4067,0
4068,0
4069,0
4070,0
4071,0
4072,0
4073,0
4074,0
4075,0
4076,0
4077,0
4078,0
4079,0
4080,0
4081,0
4082,0
4083,0
4084,0
4085,0
4086,0
4087,0
4088,0
4089,0
4090,0
4091,0
4092,0
4093,0
4094,0
4095,0
4096,0
4097,0
4098,0
4099,0
4100,0
4101,0
4102,0
4103,0
4104,0
4105,0
4106,0
4107,0
4108,0
4109,0
4110,0
4111,0
4112,0
4113,0
4114,0
4115,0
4116,0
4117,0
4118,0
4119,0
4120,0
4121,0
4122,0
4123,0
4124,0
4125,0
4126,0
4127,0
4128,0
4129,0
4130,0
4131,0
4132,0
4133,0
4134,0
4135,0
4136,0
4137,0
4138,0
4139,0
4140,0
4141,0
4142,0
4143,0
4144,0
4145,0
4146,0
4147,0
4148,0
4149,0
4150,0
4151,0
4152,0
4153,0
4154,0
4155,0
4156,0
4157,0
4158,0
4159,0
4160,0
4161,0
4162,0
4163,0
4164,0
4165,0
4166,0
4167,0
4168,0
4169,0
4170,0
4171,0
4172,0
4173,0
4174,0
4175,0
4176,0
4177,0
4178,0
4179,0
4180,0
4181,0
4182,0
4183,0
4184,0
4185,0
4186,0
4187,0
4188,0
4189,0
4190,0
4191,0
4192,0
4193,0
4194,0
4195,0
4196,0
4197,0
4198,0
4199,0
4200,0
4201,0
4202,0
4203,0
4204,0
4205,0
4206,0
4207,0
4208,0
4209,0
4210,0
4211,0
4212,0
4213,0
4214,0
4215,0
4216,0
4217,0
4218,0
4219,0
4220,0
4221,0
4222,0
4223,0
4224,0
4225,0
4226,0
4227,0
4228,0
4229,0
4230,0
4231,0
4232,0
4233,0
4234,0
4235,0
4236,0
4237,0
4238,0
4239,0
4240,0
4241,0
4242,0
4243,0
4244,0
4245,0
4246,0
4247,0
4248,0
4249,0
4250,0
4251,0
4252,0
4253,0
4254,0
4255,0
4256,0
4257,0
4258,0
4259,0
4260,0
4261,0
4262,0
4263,0
4264,0
4265,0
4266,0
4267,0
4268,0
4269,0
4270,0
4271,0
4272,0
4273,0
4274,0
4275,0
4276,0
4277,0
4278,0
4279,0
4280,0
4281,0
4282,0
4283,0
4284,0
4285,0
4286,0
4287,0
4288,0
4289,0
4290,0
4291,0
4292,0
4293,0
4294,0
4295,0
4296,0
4297,0
4298,0
4299,0
4300,0
4301,0
4302,0
4303,0
4304,0
4305,0
4306,0
4307,0
4308,0
4309,0
4310,0
4311,0
4312,0
4313,0
4314,0
4315,0
4316,0
4317,0
4318,0
4319,0
4320,0
4321,0
4322,0
4323,0
4324,0
4325,0
4326,0
4327,0
4328,0
4329,0
4330,0
4331,0
4332,0
4333,0
4334,0
4335,0
4336,0
4337,0
4338,0
4339,0
4340,0
4341,0
4342,0
4343,0
4344,0
4345,0
4346,0
4347,0
4348,0
4349,0
4350,0
4351,0
4352,0
4353,0
4354,0
4355,0
4356,0
4357,0
4358,0
4359,0
4360,0
4361,0
4362,0
4363,0
4364,0
4365,0
4366,0
4367,0
4368,0
4369,0
4370,0
4371,0
4372,0
4373,0
4374,0
4375,0
4376,0
4377,0
4378,0
4379,0
4380,0
4381,0
4382,0
4383,0
4384,0
4385,0
4386,0
4387,0
4388,0
4389,0
4390,0
4391,0
4392,0
4393,0
4394,0
4395,0
4396,0
4397,0
4398,0
4399,0
4400,0
4401,0
4402,0
4403,0
4404,0
4405,0
4406,0
4407,0
4408,0
4409,0
4410,0
4411,0
4412,0
4413,0
4414,0
4415,0
4416,0
4417,0
4418,0
4419,0
4420,0
4421,0
4422,0
4423,0
4424,0
4425,0
4426,0
4427,0
4428,0
4429,0
4430,0
4431,0
4432,0
4433,0
4434,0
4435,0
4436,0
4437,0
4438,0
4439,0
4440,0
4441,0
4442,0
4443,0
4444,0
4445,0
4446,0
4447,0
4448,0
4449,0
4450,0
4451,0
4452,0
4453,0
4454,0
4455,0
4456,0
4457,0
4458,0
4459,0
4460,0
4461,0
4462,0
4463,0
4464,0
4465,0
4466,0
4467,0
4468,0
4469,0
4470,0
4471,0
4472,0
4473,0
4474,0
4475,0
4476,0
4477,0
4478,0
4479,0
4480,0
4481,0
4482,0
4483,0
4484,0
4485,0
4486,0
4487,0
4488,0
4489,0
4490,0
4491,0
4492,0
4493,0
4494,0
4495,0
4496,0
4497,0
4498,0
4499,0
4500,0
4501,0
4502,0
4503,0
4504,0
4505,0
4506,0
4507,0
4508,0
4509,0
4510,0
4511,0
4512,0
4513,0
4514,0
4515,0
4516,0
4517,0
4518,0
4519,0
4520,0
4521,0
4522,0
4523,0
4524,0
4525,0
4526,0
4527,0
4528,0
4529,0
4530,0
4531,0
4532,0
4533,0
4534,0
4535,0
4536,0
4537,0
4538,0
4539,0
4540,0
4541,0
4542,0
4543,0
4544,0
4545,0
4546,0
4547,0
4548,0
4549,0
4550,0
4551,0
4552,0
4553,0
4554,0
4555,0
4556,0
4557,0
4558,0
4559,0
4560,0
4561,0
4562,0
4563,0
4564,0
4565,0
4566,0
4567,0
4568,0
4569,0
4570,0
4571,0
4572,0
4573,0
4574,0
4575,0
4576,0
4577,0
4578,0
4579,0
4580,0
4581,0
4582,0
4583,0
4584,0
4585,0
4586,0
4587,0
4588,0
4589,0
4590,0
4591,0
4592,0
4593,0
4594,0
4595,0
4596,0
4597,0
4598,0
4599,0
4600,0
4601,0
4602,0
4603,0
4604,0
4605,0
4606,0
4607,0
4608,0
4609,0
4610,0
4611,0
4612,0
4613,0
4614,0
4615,0
4616,0
4617,0
4618,0
4619,0
4620,0
4621,0
4622,0
4623,0
4624,0
4625,0
4626,0
4627,0
4628,0
4629,0
4630,0
4631,0
4632,0
4633,0
4634,0
4635,0
4636,0
4637,0
4638,0
4639,0
4640,0
4641,0
4642,0
4643,0
4644,0
4645,0
4646,0
4647,0
4648,0
4649,0
4650,0
4651,0
4652,0
4653,0
4654,0
4655,0
4656,0
4657,0
4658,0
4659,0
4660,0
4661,0
4662,0
4663,0
4664,0
4665,0
4666,0
4667,0
4668,0
4669,0
4670,0
4671,0
4672,0
4673,0
4674,0
4675,0
4676,0
4677,0
4678,0
4679,0
4680,0
4681,0
4682,0
4683,0
4684,0
4685,0
4686,0
4687,0
4688,0
4689,0
4690,0
4691,0
4692,0
4693,0
4694,0
4695,0
4696,0
4697,0
4698,0
4699,0
4700,0
4701,0
4702,0
4703,0
4704,0
4705,0
4706,0
4707,0
4708,0
4709,0
4710,0
4711,0
4712,0
4713,0
4714,0
4715,0
4716,0
4717,0
4718,0
4719,0
4720,0
4721,0
4722,0
4723,0
4724,0
4725,0
4726,0
4727,0
4728,0
4729,0
4730,0
4731,0
4732,0
4733,0
4734,0
4735,0
4736,0
4737,0
4738,0
4739,0
4740,0
4741,0
4742,0
4743,0
4744,0
4745,0
4746,0
4747,0
4748,0
4749,0
4750,0
4751,0
4752,0
4753,0
4754,0
4755,0
4756,0
4757,0
4758,0
4759,0
4760,0
4761,0
4762,0
4763,0
4764,0
4765,0
4766,0
4767,0
4768,0
4769,0
4770,0
4771,0
4772,0
4773,0
4774,0
4775,0
4776,0
4777,0
4778,0
4779,0
4780,0
4781,0
4782,0
4783,0
4784,0
4785,0
4786,0
4787,0
4788,0
4789,0
4790,0
4791,0
4792,0
4793,0
4794,0
4795,0
4796,0
4797,0
4798,0
4799,0
4800,0
4801,0
4802,0
4803,0
4804,0
4805,0
4806,0
4807,0
4808,0
4809,0
4810,0
4811,0
4812,0
4813,0
4814,0
4815,0
4816,0
4817,0
4818,0
4819,0
4820,0
4821,0
4822,0
4823,0
4824,0
4825,0
4826,0
4827,0
4828,0
4829,0
4830,0
4831,0
4832,0
4833,0
4834,0
4835,0
4836,0
4837,0
4838,0
4839,0
4840,0
4841,0
4842,0
4843,0
4844,0
4845,0
4846,0
4847,0
4848,0
4849,0
4850,0
4851,0
4852,0
4853,0
4854,0
4855,0
4856,0
4857,0
4858,0
4859,0
4860,0
4861,0
4862,0
4863,0
4864,0
4865,0
4866,0
4867,0
4868,0
4869,0
4870,0
4871,0
4872,0
4873,0
4874,0
4875,0
4876,0
4877,0
4878,0
4879,0
4880,0
4881,0
4882,0
4883,0
4884,0
4885,0
4886,0
4887,0
4888,0
4889,0
4890,0
4891,0
4892,0
4893,0
4894,0
4895,0
4896,0
4897,0
4898,0
4899,0
4900,0
4901,0
4902,0
4903,0
4904,0
4905,0
4906,0
4907,0
4908,0
4909,0
4910,0
4911,0
4912,0
4913,0
4914,0
4915,0
4916,0
4917,0
4918,0
4919,0
4920,0
4921,0
4922,0
4923,0
4924,0
4925,0
4926,0
4927,0
4928,0
4929,0
4930,0
4931,0
4932,0
4933,0
4934,0
4935,0
4936,0
4937,0
4938,0
4939,0
4940,0
4941,0
4942,0
4943,0
4944,0
4945,0
4946,0
4947,0
4948,0
4949,0
4950,0
4951,0
4952,0
4953,0
4954,0
4955,0
4956,0
4957,0
4958,0
4959,0
4960,0
4961,0
4962,0
4963,0
4964,0
4965,0
4966,0
4967,0
4968,0
4969,0
4970,0
4971,0
4972,0
4973,0
4974,0
4975,0
4976,0
4977,0
4978,0
4979,0
4980,0
4981,0
4982,0
4983,0
4984,0
4985,0
4986,0
4987,0
4988,0
4989,0
4990,0
4991,0
4992,0
4993,0
4994,0
4995,0
4996,0
4997,0
4998,0
4999,0
5000,0
5001,0
5002,0
5003,0
5004,0
5005,0
5006,0
5007,0
5008,0
5009,0
5010,0
5011,0
5012,0
5013,0
5014,0
5015,0
5016,0
5017,0
5018,0
5019,0
5020,0
5021,0
5022,0
5023,0
5024,0
5025,0
5026,0
5027,0
5028,0
5029,0
5030,0
5031,0
5032,0
5033,0
5034,0
5035,0
5036,0
5037,0
5038,0
5039,0
5040,0
5041,0
5042,0
5043,0
5044,0
5045,0
5046,0
5047,0
5048,0
5049,0
5050,0
5051,0
5052,0
5053,0
5054,0
5055,0
5056,0
5057,0
5058,0
5059,0
5060,0
5061,0
5062,0
5063,0
5064,0
5065,0
5066,0
5067,0
5068,0
5069,0
5070,0
5071,0
